truncate table order_items, orders, messages, conversations, customers, products, settings restart identity cascade;

insert into products (id, name, aliases, cut_options, active) values
('10000000-0000-0000-0000-000000000001', 'סלמון', '["סלומון","salmon","סלמון טרי"]', '["פילה","פילה בלי עור","פילה עם עור","קוביות","סביצ׳ה","פרוסות"]', true),
('10000000-0000-0000-0000-000000000002', 'דניס', '["דניסים","denis"]', '["שלם","נקי","פילה","לשבת"]', true),
('10000000-0000-0000-0000-000000000003', 'לברק', '["לברקים","sea bass"]', '["שלם","נקי","פילה","פרוסות","לשבת"]', true),
('10000000-0000-0000-0000-000000000004', 'טונה', '["tuna","טונה טרייה"]', '["סביצ׳ה","קוביות","סטייק"]', true),
('10000000-0000-0000-0000-000000000005', 'בורי', '["בורי טרי"]', '["שלם","נקי","פרוסות","פילה"]', true),
('10000000-0000-0000-0000-000000000006', 'מושט', '["אמנון","מושטים"]', '["שלם","נקי","פרוסות","פילה"]', true),
('10000000-0000-0000-0000-000000000007', 'נסיכת הנילוס', '["נסיכה","נילוס"]', '["פילה","קוביות","פרוסות"]', true),
('10000000-0000-0000-0000-000000000008', 'סביצ׳ה', '["סביצ''ה","סביצה","מגש סביצ׳ה"]', '["מגש","קוביות","מוכן להגשה"]', true),
('10000000-0000-0000-0000-000000000009', 'חריימה', '["חרימה","דג לחריימה"]', '["מוכן לבישול","פרוסות"]', true),
('10000000-0000-0000-0000-000000000010', 'קציצות דגים', '["קציצות","קציצות דג"]', '["מוכן לבישול","טחון"]', true);

insert into settings (
  id,
  business_name,
  opening_hours,
  pickup_windows,
  after_hours_auto_reply,
  minimum_confidence_threshold,
  require_human_approval,
  default_ai_order_status
) values (
  '20000000-0000-0000-0000-000000000001',
  'בון חכם Demo',
  '{"א-ה":"08:00-18:00","שישי":"07:00-14:30","שבת":"סגור"}',
  '["08:00-10:00","10:00-12:00","12:00-14:00"]',
  'קיבלנו את ההזמנה. החנות תאשר אותה בשעות הפעילות.',
  85,
  true,
  'pending_review'
);

insert into customers (id, name, phone, created_at, updated_at) values
('30000000-0000-0000-0000-000000000001', 'משה לוי', '0521234567', now() - interval '10 hours', now() - interval '6 hours'),
('30000000-0000-0000-0000-000000000002', 'רחל בן דוד', '0502222222', now() - interval '9 hours', now() - interval '5 hours'),
('30000000-0000-0000-0000-000000000003', 'דני כהן', '0524442211', now() - interval '8 hours', now() - interval '4 hours'),
('30000000-0000-0000-0000-000000000004', 'נועה', '0549090901', now() - interval '7 hours', now() - interval '3 hours'),
('30000000-0000-0000-0000-000000000005', 'אבי', '0541111111', now() - interval '6 hours', now() - interval '2 hours');

insert into conversations (id, customer_id, phone, status, created_at, updated_at) values
('40000000-0000-0000-0000-000000000001', '30000000-0000-0000-0000-000000000001', '0521234567', 'open', now() - interval '10 hours', now() - interval '6 hours'),
('40000000-0000-0000-0000-000000000002', '30000000-0000-0000-0000-000000000002', '0502222222', 'open', now() - interval '9 hours', now() - interval '5 hours'),
('40000000-0000-0000-0000-000000000003', '30000000-0000-0000-0000-000000000003', '0524442211', 'needs_review', now() - interval '8 hours', now() - interval '4 hours'),
('40000000-0000-0000-0000-000000000004', '30000000-0000-0000-0000-000000000004', '0549090901', 'missing_details', now() - interval '7 hours', now() - interval '3 hours'),
('40000000-0000-0000-0000-000000000005', '30000000-0000-0000-0000-000000000005', '0541111111', 'open', now() - interval '6 hours', now() - interval '2 hours');

insert into messages (id, conversation_id, direction, text, timestamp, source) values
('50000000-0000-0000-0000-000000000001', '40000000-0000-0000-0000-000000000001', 'incoming', 'שלום, אני רוצה 2 קילו סלמון פילה בלי עור, חצי קילו טונה לסביצ׳ה, שיהיה מוכן לשישי ב־10:30. משה 052-1234567', now() - interval '9 hours', 'simulator'),
('50000000-0000-0000-0000-000000000002', '40000000-0000-0000-0000-000000000001', 'outgoing', 'קיבלנו את ההזמנה שלך. היא נכנסה למערכת ותעבור לאישור החנות בבוקר.', now() - interval '8 hours 59 minutes', 'system'),
('50000000-0000-0000-0000-000000000003', '40000000-0000-0000-0000-000000000002', 'incoming', '4 דניסים נקיים וחריימה ל־11, רחל 050-2222222', now() - interval '8 hours', 'simulator'),
('50000000-0000-0000-0000-000000000004', '40000000-0000-0000-0000-000000000002', 'outgoing', 'קיבלנו את ההזמנה שלך. היא נכנסה למערכת ותעבור לאישור החנות בבוקר.', now() - interval '7 hours 59 minutes', 'system'),
('50000000-0000-0000-0000-000000000005', '40000000-0000-0000-0000-000000000003', 'incoming', 'תכין לי כמו שבוע שעבר, אבל קצת יותר סלמון, לשישי בבוקר', now() - interval '7 hours', 'simulator'),
('50000000-0000-0000-0000-000000000006', '40000000-0000-0000-0000-000000000003', 'outgoing', 'קיבלנו את הבקשה, אבל ההזמנה דורשת בדיקה של החנות כי היא מתייחסת להזמנה קודמת.', now() - interval '6 hours 59 minutes', 'system'),
('50000000-0000-0000-0000-000000000007', '40000000-0000-0000-0000-000000000004', 'incoming', 'אפשר להזמין 3 מגשים של סביצ׳ה לשישי ב־9?', now() - interval '6 hours', 'simulator'),
('50000000-0000-0000-0000-000000000008', '40000000-0000-0000-0000-000000000004', 'outgoing', 'אפשר. אפשר לקבל שם מלא וטלפון לרישום ההזמנה?', now() - interval '5 hours 59 minutes', 'system'),
('50000000-0000-0000-0000-000000000009', '40000000-0000-0000-0000-000000000005', 'incoming', '2 קילו מושט פרוס, קילו סלמון בלי עור, לאסוף ב-12:30, אבי 054-1111111', now() - interval '5 hours', 'simulator'),
('50000000-0000-0000-0000-000000000010', '40000000-0000-0000-0000-000000000005', 'outgoing', 'קיבלנו את ההזמנה שלך. היא נכנסה למערכת ותעבור לאישור החנות בבוקר.', now() - interval '4 hours 59 minutes', 'system');

insert into orders (
  id,
  order_number,
  customer_id,
  conversation_id,
  status,
  pickup_date,
  pickup_date_text,
  pickup_time,
  urgency,
  raw_messages,
  ai_confidence,
  missing_fields,
  human_review_required,
  printed_at,
  notes,
  customer_notes,
  created_at,
  updated_at
) values
('60000000-0000-0000-0000-000000000001', 'ORD-1001', '30000000-0000-0000-0000-000000000001', '40000000-0000-0000-0000-000000000001', 'pending_review', current_date + 5, 'שישי', '10:30', 'normal', '["שלום, אני רוצה 2 קילו סלמון פילה בלי עור, חצי קילו טונה לסביצ׳ה, שיהיה מוכן לשישי ב־10:30. משה 052-1234567"]', 94, '[]', false, null, 'לא לערבב בשקית אחת', null, now() - interval '9 hours', now() - interval '6 hours'),
('60000000-0000-0000-0000-000000000002', 'ORD-1002', '30000000-0000-0000-0000-000000000002', '40000000-0000-0000-0000-000000000002', 'pending_review', current_date + 5, 'שישי', '11:00', 'normal', '["4 דניסים נקיים וחריימה ל־11, רחל 050-2222222"]', 87, '[]', false, null, null, 'לרחל חשוב ניקוי יסודי', now() - interval '8 hours', now() - interval '5 hours'),
('60000000-0000-0000-0000-000000000003', 'ORD-1003', '30000000-0000-0000-0000-000000000003', '40000000-0000-0000-0000-000000000003', 'human_review', current_date + 5, 'שישי בבוקר', null, 'normal', '["תכין לי כמו שבוע שעבר, אבל קצת יותר סלמון, לשישי בבוקר"]', 48, '["quantity","pickup_time"]', true, null, 'מתייחס להזמנה קודמת, צריך לבדוק היסטוריה לפני אישור.', null, now() - interval '7 hours', now() - interval '4 hours'),
('60000000-0000-0000-0000-000000000004', 'ORD-1004', '30000000-0000-0000-0000-000000000004', '40000000-0000-0000-0000-000000000004', 'missing_details', current_date + 5, 'שישי', '09:00', 'normal', '["אפשר להזמין 3 מגשים של סביצ׳ה לשישי ב־9?"]', 78, '["customer_name","phone"]', true, null, null, null, now() - interval '6 hours', now() - interval '3 hours'),
('60000000-0000-0000-0000-000000000005', 'ORD-1005', '30000000-0000-0000-0000-000000000005', '40000000-0000-0000-0000-000000000005', 'approved', current_date + 1, 'מחר', '12:30', 'normal', '["2 קילו מושט פרוס, קילו סלמון בלי עור, לאסוף ב-12:30, אבי 054-1111111"]', 91, '[]', false, null, null, null, now() - interval '5 hours', now() - interval '2 hours');

insert into order_items (id, order_id, product_name, quantity, unit, cut_style, notes) values
('70000000-0000-0000-0000-000000000001', '60000000-0000-0000-0000-000000000001', 'סלמון', 2, 'kg', 'פילה בלי עור', ''),
('70000000-0000-0000-0000-000000000002', '60000000-0000-0000-0000-000000000001', 'טונה', 0.5, 'kg', 'סביצ׳ה', ''),
('70000000-0000-0000-0000-000000000003', '60000000-0000-0000-0000-000000000002', 'דניס', 4, 'unit', 'נקי', ''),
('70000000-0000-0000-0000-000000000004', '60000000-0000-0000-0000-000000000002', 'חריימה', null, 'unknown', 'מוכן לבישול', 'לא צוינה כמות מדויקת'),
('70000000-0000-0000-0000-000000000005', '60000000-0000-0000-0000-000000000003', 'סלמון', null, 'unknown', null, 'כמו שבוע שעבר, קצת יותר'),
('70000000-0000-0000-0000-000000000006', '60000000-0000-0000-0000-000000000004', 'סביצ׳ה', 3, 'tray', 'מגש', ''),
('70000000-0000-0000-0000-000000000007', '60000000-0000-0000-0000-000000000005', 'מושט', 2, 'kg', 'פרוסות', ''),
('70000000-0000-0000-0000-000000000008', '60000000-0000-0000-0000-000000000005', 'סלמון', 1, 'kg', 'פילה בלי עור', '');
